Title,Description,PublishedAt,ViewCount,LikeCount,DislikeCount,CommentCount,Topics,Tags
ğ—œğ˜€ ğ—ªğ—¼ğ—¿ğ˜€ğ—µğ—¶ğ—½ğ—¶ğ—»ğ—´ ğ—ªğ—®ğ˜ğ—²ğ—¿ ğ—¦ğ—²ğ—»ğ˜€ğ—²ğ—¹ğ—²ğ˜€ğ˜€? #water #sadhguru,"Water carries memory, influencing why it's revered, implying it holds sacred significance beyond its physical properties.
#WaterMemory #SadhguruTeachings #SacredWater #WorshipWater #sadhgurusimplified #youtubeshorts #sadhguru #sadhguruwisdom #consciousness #seeking #mysticism #spirituality #yoga #wisdom",2024-03-01T15:30:05Z,1091,87,,1,Religion,sadhguru latest;water;water quality;mysticism;seeking;yoga;wisdom;spirituality
I Thought I Will Replace Sadhguru  #shorts #youtubeshorts,"An enthusiastic Isha Meditator decides to take on the ultimate challenge: stepping into the shoes of the one and only Sadhguru! ğŸ•‰ï¸
#hilarious #funny #entitlement #sadhgurufan #sadhgurusimplified #dedication #sadhguru #ishafoundation #replacement #laughinghard
#funnythoughts #spirituality #meditation #reel #shorts #podcasting #podcaster #youtuber #followformore #mindset",2023-08-12T04:03:32Z,1928,135,,6,Entertainment,Sadhguru;life insights;isha volunteer;Sadhanapada;spiritual seeker;spiritual path;Indian podcast;story
ğ—œğ˜€ ğ—¦ğ—®ğ—±ğ—µğ—´ğ˜‚ğ—¿ğ˜‚ ğ—©ğ—²ğ—´ğ—²ğ˜ğ—®ğ—¿ğ—¶ğ—®ğ—» ğ—¼ğ—¿ ğ—¡ğ—¼ğ—» ğ—©ğ—²ğ—´ğ—²ğ˜ğ—®ğ—¿ğ—¶ğ—®ğ—»? #shorts #sadhguru,"Discover what Sadhguru has to say about dietary choices in this thought-provoking video.
#DietDebate #VegetarianVsNonVegetarian #FoodChoices #DietDiscussions #FoodForThought #SadhguruDebunked #NutritionNudge #ControversialCuisine
#SadhguruLifestyle #ConsciousEating
#sadhguru #sadhgurusimplified #reels #shorts",2023-12-29T15:30:02Z,755,21,,2,Food;Lifestyle_(sociology),
|Mahashivratri At Local Isha Centre| #shorts #mahashivratri #celebration #sadhgurusimplified,"What an amazing Mahashivratri celebration it was at Isha Local Centre, Hyderabad! The vibrant colors, lively music, and warm company of fellow seekers made the evening truly special. ğŸ˜ğŸŒˆ #IshaFoundation #HyderabadDiaries #JoyfulMoments #Mahashivratri #IshaHyderabad #DivineCelebration #IshaYoga #Mahashivratri #CelebrationMode",2023-03-04T01:45:00Z,359,33,,1,Music;Music_of_Asia;Performing_arts,
Yoga Is Like BMW Car #shorts #yoga #sadhguru,"It's important to understand that yoga itself is not a religion. Instead, it is a set of physical, mental, and spiritual practices designed to promote physical health, mental well-being, and spiritual growth.
#YogaMeditation #Mindfulness #YogaRetreat #YogaForBeginners #YogaForWellness
#YogaForHealth #YogaAsExercise #YogaLifestyle #YogaForMindAndBody
#NonReligiousYoga #YogaFitness #YogaBenefits #MindfulMovement
#YogaPractice #YogaForAll
#YogaMindfulness #YogaForSelfCare
#YogaBalance #YogaStrength
#YogaFlexibility #YogaCommunity
#YogaJourney#HealthyLivingWithYoga #sadhgurusimplified #podcast #reels",2023-09-13T11:30:07Z,1425,125,,3,Health,sadhguru;shorts;isha foundation;ride with sadhguru;isha yoga center;hatha yoga;wisdom;sadhguru interview;sadhguru latest
Burnt Alive-A Misfortune #sadhguru #freedom #pain #suffering #sadhgurusimplified,,2024-10-14T11:30:13Z,607,,,2,,pain;misery;freedom;goddess;pinkpantheress pain
Yoga Is Brainwashing?! #yoga #meditation #indianhumor,"Is yoga brainwashing? Find out in this hilarious video full of Indian humor and sarcastic insights on yoga, meditation, and self-awareness. #comedy #ironyvs.sarcasm
#sarcasm #awareness #sadhgurusimplified",2024-08-07T12:01:15Z,304,,,6,Entertainment;Film;Health;Humour,yoga;sarcasm;awareness;irony vs sarcasm;comedy;funny;funny video;sarcasm vs cynicism;comedy video;funny videos;new funny video
ğ™ƒğ™–ğ™©ğ™ğ™–-ğ™¡ğ™–ğ™§ğ™ğ™¤ğ™ªğ™¨ ğ™…ğ™¤ğ™ªğ™§ğ™£ğ™šğ™® ğ™©ğ™¤ ğ™– ğ™ğ™¡ğ™–ğ™© ğ™ğ™ªğ™¢ğ™¢ğ™®! #shorts #sadhguru,"A hilarious conversation between a Hatha Yogi and Sadhguru
#SadhguruVibes #HathaYogaMagic #BellyFatBuster #InnerEngineering #YogaWisdom #SadhguruInspiration #YogaTransformation #BreatheWellLiveWell #YogiLife #MindfulLiving #sadhgurusimplified #reels #hathayoga",2023-12-20T15:14:37Z,3867,155,,2,Entertainment;Film;Humour,
||Karmic Bondage or Freedom?||,"Reference: ""KARMA- A Yogi's Guide To Crafting Your Destiny""
#karma #karmic #shorts #karmabook #sadhguru #sadhgurusimplified #freedom #bestseller #bestsellerbook #expansion #boundaries #personality #lifelessons #responsibility #choices #likesdislikes #unfamiliarsituation #reaction",2022-08-05T10:30:56Z,222,15,,0,Lifestyle_(sociology),
Dead Are Not Actually Dead #sadhguru #shorts #pitrapaksh #pitradosh,Discover the truth about ancestors and the tradition of Pitrapaksh in this enlightening video by Sadhguru. #sadhguru #pitrapaksh #ancestors,2024-09-27T11:30:21Z,832,,,0,Religion,spiritual master;sadguru speech in english;sadhguru english;pitra paksha;à¤ªà¤¿à¤¤à¥ƒ à¤ªà¤•à¥à¤·;pitru paksha status video;à¤ªà¤¿à¤¤à¥ƒ à¤ªà¤•à¥à¤· à¤•à¥€ à¤ªà¥Œà¤°à¤¾à¤£à¤¿à¤• à¤•à¤¥à¤¾
Beat Cancer With This One Habit #cancerawareness #shorts,"Intermittent fasting, a practice of cycling between eating and fasting periods, holds promise in cancer research. It's believed to create an environment less conducive to cancer growth.
#CancerAwareness #CancerResearch
#FightCancer #CancerPrevention
#IntermittentFasting #HealthyLifestyle
#FastingBenefits #Autophagy
#CancerSupport #WellnessJourney
#CancerSurvivors #HealthAndWellness
#IntermittentFastingBenefits
#CancerAwarenessMonth
#HopeForACure #BeatCancer
#HolisticHealth #HealthyHabits #MindBodyHealth #FightForACure #sadhgurusimplified #sadhguru #reels #yoga",2023-11-06T15:30:12Z,157,13,,0,Health,cancer;cancer awareness;health tips
Happy Marriage Advice #sadhguru #shorts,Looking for some humorous marriage advice? Watch this #shorts video featuring funny and wise quotes from Sadhguru on life lessons and marriage! #Reel #viralstory #indianhumor #marriagehumor #MarriedLife #ShaadiKeSideEffects #sadhgurusimplified,2024-08-23T11:30:09Z,262,,,0,Humour,wisdom;self esteem;the way of wisdom;making marriage work;love lessons
||Felt Like Leaving The Body|| #shorts #ayyappa,"The experience at Ayyappa Temple was unlike anything I had ever felt before, and I knew that I had been touched by something truly special. The Ayyappa Temple had left an indelible mark on my soul, and I knew that I would never forget the thrill of that moment for as long as I live.
Watch full podcast on YouTube (Sadhguru Simplified)
#AyyappaTemple #SpiritualExperience #Devotion #LordAyyappa #KeralaTemples #Hinduism #IndianCulture #Spirituality #DivineConnection #Prayers #Rituals #Pujas #Aarti #Peace #Serenity #Enlightenment #Transformation #Blessings #Faith #SacredSpace #sadhguru #sadhgurusimplified #simplifiedtalks #podcast #youtuber #instareels #shorts #reels #conversation #podcasting",2023-05-08T01:30:01Z,1883,120,,0,Lifestyle_(sociology),
Devi- A Door To Other Dimension #shorts #navratri,"Devotion to Linga Bhairavi Devi provides a sense of spiritual connection and opens up new dimensions of personal experience and understanding specially for those on the spiritual path.
*Full Video Link In Bio*
#YogicScience #TempleConstruction #SacredGeometry #SpiritualArchitecture
#CosmicAlignment #AncientWisdom #TempleDesign #EnergyCenters #InnerTransformation #SpiritualJourney
#ArchitectureAndYoga #TempleArt #CosmicHarmony #DivineSpaces #YogaPhilosophy
#AncientTraditions #SacredSpaces #YogicHeritage
#TempleScience #ArchitecturalWonders #lingabhairavi #devitemple #sadhgurusimplified #sadhguru #navratri #navratrispecial #newdimension #devotion",2023-10-21T16:19:38Z,442,46,,0,Religion,sadhguru devi temple;secrets of kamakhya devi temple;jwala devi temple;sadhguru on devi;sadhguru on yantra;yantra devi sadhguru;sadhguru about devi;sadhguru occult devi;temples in india;sadhguru devi goddess;sadhguru talk on devi;sadhguru devi occult;sadhguru on occult;sadhguru;sadhguru yantra
ğ˜¿ğ™¤ ğ™”ğ™¤ğ™ª ğ™ğ™©ğ™§ğ™ªğ™œğ™œğ™¡ğ™š ğ™¬ğ™ğ™©ğ™ ğ™‹ğ™§ğ™¤ğ™˜ğ™§ğ™–ğ™¨ğ™©ğ™ğ™£ğ™–ğ™©ğ™ğ™¤ğ™£? #ytshorts #sadhguru,Struggling with procrastination? Watch this funny video with Shankaran Pillai to get some humor-filled inspiration to kick that procrastination habit! #ytshorts #sadhguru #lifelessons #sadhgurusimplified #mortality  #sadhguruquotes #shankaranpillai #procrastination #funny #memes #laugh #humor,2024-07-01T14:30:03Z,355,,,0,Entertainment;Humour,Sadhguru latest;Funny;humor;shorts;viral;trending;if today was your last day;try not to laugh;short;funny videos;memes;funny video;tiktok;viral tiktok;#sadhguru;guru
An Accident Changed My Life #shorts #podcast,"In the heart-stopping wake of a life-changing accident, Abhiram Anna's destiny takes an electrifying twist.

#ThrillerSuspense #LifeAlteringAccident #ConspiracyUnveiled #ChillingRevelations #MysteryUnraveled #RedemptionQuest #PerilousOdyssey #UnseenAdversaries #PulsePounding #DestinyUnleashed #UnveilingTruth #MetamorphosisJourney #RelentlessSuspense #UnexpectedTriumph #sadhgurusimplified #reels #shorts #podcasting #podcastcommunity #podcaster #podcastclips",2023-08-07T11:30:16Z,818,66,,2,Entertainment,shorts;youtube shorts;viral shorts;interesting;random facts you didnâ€™t ask for;viral;sadhguru;podcast;inner engineering;inner engineering sadhguru;sadhanapada;isha volunteer;story;life insights;spiritual seekers
Heart Wrenching Story #reels #shorts #hearttouching,"As Mohit anna approached this old couple, their somber expressions hinted at the heart-wrenching tale they were about to share.
#sadhguru #sadhgurusimplified #HeartWrenchingEncounter #UnforgettableTale #ResilienceAndCompassion #EmbracingSharedHumanity #IshaVolunteerImpact #TransformativeJourney #EmpathyInService #BridgingCulturalDivides #TouchingSouls #InspirationalNarrative #savesoil",2023-07-29T11:30:09Z,627,55,,0,,Sadhguru;save soil;heart touching;inspiring;Shambhavi;spiritual;yoga;meditation;bhairavi;adiyogi;dhyanlinga
ğ—¥ğ—²ğ˜€ğ—¶ğ˜€ğ˜ğ—¶ğ—»ğ—´ ğ—–ğ—µğ—®ğ—»ğ—´ğ—² ğ—œğ˜€ ğ—¥ğ—²ğ˜€ğ—¶ğ˜€ğ˜ğ—¶ğ—»ğ—´ ğ—Ÿğ—¶ğ—³ğ—² #shorts #sadhgurusimplified,"sadhguru, spirituality, sadhguru videos, sadhguru latest, sadhguru meditation, sadhguru english, sadhguru jaggi vasudev, sadguru, sadhguru interview, sadhguru 2020, sadhguru quotes, #sadhguru, sadhguru (person), sadhguru 2021, sadhguru 2022, sadguru speeches, sadhguru spirituality, sadguru speech in english, sadhguru on spirituality, sadhguru and spirituality, sadhguru 2023, sadhguru shorts, sadhguru about spirituality, sadhguru speech, sadhguru speeches
#sadhguru  #meditation #yoga #sadhguruquotes  #ishafoundation  #spirituality #spiritual #osho #love  #innerengineering #adiyogi #india  #sadhgurujaggivasudev #shiva #isha  #ishayoga #spiritualawakening  #life  #motivation  #guru  #quotes  #yogi  #buddha  #consciousness #unplugwithsadhguru  #peace  #ishayogacenter #mindfulness  #hinduism #oshoquotes
@sadhguru",2024-06-07T15:30:04Z,245,,,0,Religion,
The Priceless Legacy #sadhguru #humor #withsadhguruinchallengingtimes #gurupurnima,Discover the priceless legacy of we all have in this video filled with humor and wisdom. Learn about the only true wealth in life and enjoy a little humor along the way. #sadhgurusimplified,2024-07-31T11:30:28Z,515,,,0,Humour,inspiration;self improvement;motivation;how to stop wasting your life;inspirational;self improvement videos;change your life;productivity;self love;practical psychology;simple self improvement;above inspiration;achieving goals
Superpower Of Consecration #youtubeshorts  #short,"Have you explored the mystical realm of consecration? Where ancient rituals and hidden knowledge converge to grant an extraordinary superpower.
#VeiledDevotion #SecretOfConsecration #TranscendentEmpowerment #MysticalJourney #AncientRituals #HiddenKnowledge #UnleashYourPower #BeyondOrdinary #EnigmaticEssence #JourneyWithin #RevealTheMystery #EmbraceTheUnknown #AwakenYourPotential #SuperpowerUnleashed #TensionAndIntrigue #shorts #reels #sadhgurusimplified #podcast #podcastcommunity #sadhguru",2023-08-23T14:00:09Z,806,96,,0,Religion,sadhguru;sadhguru jaggi vasudev;sadhguru videos;sadhguru english;consecration;shorts;podcast;sadhguru latest;sadhguru meditation;sadhguru 2021;sadhguru 2020;sadhguru 2022;#sadhguru;guru;yoga
||Sadhguru Is Not An Ordinary Man|| #shorts #savesoil,"In an awe-inspiring feat, Sadhguru set out on a relentless 30,000-kilometer bike ride, not for personal glory or adventure, but driven by a deep-rooted concern for our planet's well-being. With the soil as his mission, he traversed vast landscapes, crossed challenging terrains, and braved the elements, all in pursuit of a greater purpose.
#Sadhguru #SaveOurSoil #ExtraordinaryJourney #SoilRevival
#GlobalAwareness #EnvironmentalActivism #SustainableLiving #NatureConservation
#BikeForACause #WisdomInAction #sadhgurusimplified #reel #shorts #savesoil #savesoilmovement #savesoiltelangana #podcast #inspiration",2023-06-24T01:30:04Z,4017,481,,23,Entertainment,Sadhguru;Sadhguru latest;isha foundation;yoga;meditation;podcast;trending;bike ride
ğ—ªğ—µğ—®ğ˜ ğ—œğ˜€ ğ— ğ—®ğ—¸ğ—®ğ—¿ ğ—¦ğ—®ğ—»ğ—¸ğ—¿ğ—®ğ—»ğ˜ğ—¶/ğ—£ğ—¼ğ—»ğ—´ğ—®ğ—¹?! #shorts #makarsankranti,"Sadhguru shares profound insights on Makar Sankranti/Pongal, exploring cultural significance, spiritual connections, and fostering unity in this enlightening reel.
#MakarSankranti #PongalFestival #SadhguruWisdom #CulturalCelebration #HarvestFestival #SpiritualInsights #UnityInDiversity #TraditionalHarvest #RenewalOfLife #FestiveJoy #sadhgurusimplified #sadhguru #reels #youtubeshorts",2024-01-12T15:30:12Z,1947,66,,1,Religion,
What Diwali Truely Means #diwali #diwalispecial #sadhgurusimplified #sadhguru #happydiwali,,2024-10-28T11:30:34Z,949,54,,0,,
||7 Days Inner Engineering Won't Transform You|| #shorts #sadhguru,"The 7-Day Inner Engineering Course offers a transformative journey towards self-discovery and inner growth. In just one week, participants are introduced to ancient yogic sciences and powerful practices that can enhance their well-being on multiple levels. While the course itself is brief, its impact extends far beyond those seven days. By embracing and maintaining the practices taught during the course, individuals have the opportunity to experience profound personal transformation.
#InnerEngineeringCourse #TransformationJourney #SelfDiscovery #WellBeing #YogicPractices #PersonalGrowth #InnerPeace #SustainedPractice #SelfTransformation #innerengineering #sadhguru #sadhgurusimplified #ishaprograms #ishafoundation #reels #shorts #podcast",2023-06-12T01:30:15Z,119460,4631,,34,Health,Sadhguru latest;Sadhguru;inner engineering;isha foundation;trending;podcast;reels;shorts;controversial;inner peace;transformation
My Life Transformed In Every Sense #shorts #youtubeshorts #podcast,"A vibrant Isha Meditator in his 60s unveils his life-altering journey through Inner Engineering and Bhava Spandana in this captivating reel.
#InnerEngineeringJourney #BhavaSpandanaTransformation #AgelessWisdom #InspiringChange #IshaMeditation #SelfDiscovery #TransformativeJourney #VitalityAtAnyAge #InnerPeace #SpiritualAwakening #LifeEnrichment #AncientWisdom #ModernTechniques #Empowerment #PurposefulLiving #reels #shorts #sadhgurusimplified #sadhguru #podcast #podcastrecommendation",2023-08-20T03:30:13Z,732,69,,2,,spiritual path;sadguru;inner transformation;isha foundation Telugu;Sadhguru latest;inner engineering;spiritual journey;Sadhguru videos
Effect Of Deceased On Adolescents #shorts #mahalayaamavasya,"The impact of death on adolescents is profound, affecting them emotionally, mentally, and socially. It can lead to feelings of grief, loss, and confusion, as they grapple with the concept of mortality. But there is a solution for this problem.
#AdolescentGrief #CopingWithLoss #TeenagersAndDeath #LifePerspective #EmotionalImpact #UnderstandingMortality #GriefJourney #YouthMentalHealth #LifeLessons #TeenagersAndLoss #mahalayaamavasya #deceased #ancestors #deathrituals #sadhgurusimplified #deathbook #reels #shorts",2023-10-14T15:27:36Z,326,24,,0,Health;Lifestyle_(sociology),mahalaya amavasya tharpanam;mahalaya amavasya in telugu;mahalaya amavasya tharpanam in telugu;mahalaya amavasya 2023 date;mahalaya amavasya 2023;mahalaya amavasya importance;mahalaya amavasya 2022;importance of mahalaya amavasya;when is mahalaya amavasya;mahalaya paksha;pitru paksha;when is mahalaya amavasya 2023 date;about mahalaya amavasya;mahalaya amavasya pooja vidhanam;mahalaya;pitra paksha;near death experience;à¤ªà¤¿à¤¤à¥ƒ à¤ªà¤•à¥à¤·;shradh paksha;à¤¶à¥à¤°à¤¾à¤¦à¥à¤§ à¤ªà¤•à¥à¤·
Devi Continues To Live #sadhguru #lingabhairavi #navratri #sanatandharma #sadhgurusimplified,,2024-10-11T11:30:27Z,2623,,,4,Religion,devi kavacham lyrics;devi kavacham lyrics in english;linga bhairavi;linga bhairavi songs;devi;navratri;durga puja;devi kavach;stotram;mantra;durga stuti
ğ——ğ—¼ğ—»â€™ğ˜ ğ—”ğ˜ƒğ—¼ğ—¶ğ—± ğ—–ğ—µğ—®ğ—»ğ—´ğ—² ğ—Ÿğ—¶ğ—¸ğ—² ğ—¬ğ—¼ğ˜‚ğ—¿ ğ—˜ğ˜… #shorts #change #humor #sadhguru,"In this #shorts video, learn why you shouldn't avoid change and how it can impact your life. Don't get stuck in the same old routine - embrace change! #sadhgurusimplified #sadhguruquotes  #funnyvideo #lifetransformation #laugh #funny #shankaranpillai",2024-07-05T14:45:02Z,245,,,1,Entertainment;Humour,Sadhguru latest;Inner engineering;yoga;sadhguru wisdom;sadhguruquote;inspirational video;spiritual master;satguru;sadguru speech in english;sadhguru english;#sadhguru
||Yes To Weight Loss-No To Starving|| #Sadhguru #weightloss #yoga,"Weight loss might seem difficult to many people. But here I am sharing with you the most natural and effective way suggested by Sadhguru to lose weight, which I also tried and got great results. 

Register For Inner Engineering Here: https://www.innerengineering.com/enroll/online

Subscribe to my newsletter: https://rebrand.ly/Youtubenewsletter
For more such videos visit:  https://www.youtube.com/channel/UCUU-gEwkU8wo8n2ihweWpkw
Follow me on Instagram: https://instagram.com/nehak_artist?utm_medium=copy_link
Like & Follow on Facebook: https://www.facebook.com/Sadhguru-Simplified-110155401534550/

#Sadhguru 
Yogi, mystic and visionary, Sadhguru is a spiritual master with a difference. An arresting blend of profundity and pragmatism, his life and work serves as a reminder that yoga is a contemporary science, vitally relevant to our times. 

Sound effects and Background Music: Zapsplat.com
 
PLEASE LIKE SHARE SUBSCRIBE AND PRESS THE BELL ICON FOR NOTIFICATIONS OF THE UPCOMING VIDEOS, THANKS.",2021-10-29T16:31:25Z,1203,17,,0,Health;Lifestyle_(sociology),sadhguru;weight loss;hungry;hunger;empty stomuch;food habits;weight loss journey;weight loss tips;yoga;yoga and food;body transformation;isha yoga;spirituality;wisdom;humor;motivation;inner engineering;meditation;guru;mystic;yogi;sadhguru talks;consciousness;self transformation;my weight loss journey;slim;get slimmer;fast weight loss;weight lose
||Unlocking the Spiritual Benefits Of Spine|| #shorts #sadhguru #ishafoundation,"The benefits of having an erect spine are often emphasized in various spiritual practices. Let's see why it is important for Isha Meditators.
#spineerect #spiritualwellness #mindandbody #posturematters #healthylifestyle #meditation #innerpeace #energyflow #wellnessjourney #holistichealth #sadhgurusimplified #spine #merudanda #spiritual #sadhguru #reels #shorts",2023-04-05T01:30:02Z,225,20,,3,Health,
||Embracing the Divine with Linga Bhairavi Devi|| #shorts #divinefeminine,"Let this experience be a gentle reminder that the divine is ever-present, awaiting our surrender and offering us boundless love and support. May it inspire you to embark on your own spiritual exploration, embracing the divine energy that resides within and around youğŸ™ğŸ¼
#LingaBhairaviDevi #DivineEncounters #SpiritualJourney #SacredTransformation #DivinePresence #InnerAwakening #MysticalExperience #DivineConnection #Devotion #SoulfulMoments #BlessedEncounters #BlissfulJourney #SacredRituals #DivineGuidance #SelfDiscovery #InnerPeace #SpiritualGrowth #SurrenderToTheDivine #RadiantEnergy #Transcendence #DivineGrace #EternalBliss #SpiritualExploration #DivineWisdom #DivineFeminine #DivinePower #HigherConsciousness #VibrantDevotion #SacredSpaces #sadhgurusimplified #sadhguru #reels #shorts",2023-05-15T01:30:02Z,2394,198,,3,Music,
ğ‘²ğ’Šğ’•ğ’„ğ’‰ğ’†ğ’ ğ‘«ğ’Šğ’”ğ’‚ğ’”ğ’•ğ’†ğ’“ ğ’•ğ’ ğ‘ªğ’–ğ’ğ’Šğ’ğ’‚ğ’“ğ’š ğ‘»ğ’‚ğ’ğ’†ğ’ğ’•! #shorts #funny #sadhguruquotes,Get ready to laugh with Shankaran Pillai's determination to fulfill his dream in this hilarious #shorts video! Don't miss out on the funny and inspiring quotes from Sadhguru! #humor #funnyvideo #funnyshorts #cookingfails #viralshorts #sadhgurusimplified #shankaranpillai,2024-07-15T14:30:13Z,1550,,,2,Entertainment;Humour,Sadhguru latest;Funny;shorts;viral;trending;if today was your last day;try not to laugh;short;funny videos;memes;funny video;tiktok;viral tiktok;#sadhguru;guru
ğ——ğ—¶ğ˜€ğ—®ğ—±ğ˜ƒğ—®ğ—»ğ˜ğ—®ğ—´ğ—²ğ˜€ ğ—¢ğ—³ ğ—˜ğ—»ğ—´ğ—¹ğ—¶ğ˜€ğ—µ #english #youtubeshorts,"Sadhguru explores Sanskriti's evolution, showcasing its profound impact, surpassing English in depth and cultural significance.
#Sadhguru #Sanskriti #LanguageEvolution #CulturalImpact #LanguageComparison #SanskritVsEnglish #sadhgurusimplified #sadhguru #vakshuddhi #speech #reels",2024-03-18T15:30:07Z,1177,61,,0,,Sadhguru latest;speech;isha foundation;Sadhguru wisdom;mystic;yogi;yoga;meditation
||Western Education vs Yogic Culture|| #shorts #yogicculture,"Join us on this captivating journey as we celebrate the brilliance of yogic culture, where timeless truths stand tall, waiting to be discovered anew. Watch full episode on our YouTube channel ""Sadhguru Simplified"".

#YogaEducationConflict #YogicCultureShift
#WesternInfluenceOnYoga #PreservingTraditions #EducationVersusYoga
#CulturalImpactOnYoga #YogaEvolution
#TeachingReassessment #YogicHeritage
#YogaInTransition #sadhgurusimplified #sadhguru #podcast #newepisode #reels #shorts",2023-06-19T01:30:02Z,505,46,,1,Lifestyle_(sociology),yoga;yogic culture;Western education;Sadhguru;Sadhguru latest;podcast;trending;Indian podcast;English podcast;reel;shorts
||Maha Annadanam On Mahashivratri||,"ğŸ…ğŸ¥£ Maha Annadanam is offered to everyone who attends the night long celebrations at the Isha Yoga Center. ğŸ”± 
This is not just an offering of physical nourishment, but offering of prasadam by the willing hands of volunteers. ğŸŒºâ˜˜ï¸ 

https://isha.sadhguru.org/en/mahashivratri-contribution

#sadhguru #mahashivratri #sadhgurusimplified #mahaannadanam #shorts #mahashivratri2023 #mahashivaratri #ishafoundation #donate #donatefood #donatenow",2023-01-23T17:23:01Z,4314,355,,0,Lifestyle_(sociology);Religion,
Isha Brahmacharini Addresses Media Allegations #sadhguru #ishafoundation #sadhgurusimplified,"#IshaFoundation #Brahmacharini #BrainwashingMyth #SpiritualTruth #MediaMisinformation  
#ClarifyingTheTruth #MySpiritualJourney #IshaClarified #TruthOverMyths #Sadhguru  
#SpiritualFreedom #IshaLife #InnerEngineering #ConsciousLiving #BreakingStereotypes",2024-10-21T11:30:29Z,1246,,,4,Lifestyle_(sociology);Religion,isha foundation;isha foundation raid;sadhguru isha foundation;sadhguru jaggi vasudev;sanatana dharma;isha foundation police raid;sadhguru quotes;sadhguru's isha foundation;india news;isha foundation news;isha foundation coimbatore
ğ—§ğ—¿ğ˜‚ğ˜ğ—µ ğ—§ğ˜„ğ—¶ğ˜€ğ˜ğ—²ğ—±! #youtubeshorts #carry #mimicry,"Influencer carries the responsibility of uplifting rather than demeaning. Insulting respected individuals, who positively impact lives, contradicts the essence of being a true influencer.
#RespectfulInfluence #PositiveImpact #InfluencerEthics #UpliftingLeadership #InspireNotInsult #ChangeMakers #CommunityHarmony #InfluenceWithIntegrity #PositiveCollaboration #ResponsibleInfluencers #ValuesMatter #LeadershipEthics #shameonyou #sadhgurusimplified #sadhguru #carry #mimicry #memes #reels #youtuber",2023-12-02T14:19:54Z,4615,191,,13,Lifestyle_(sociology),shorts;dank memes;mimicry gameplay;roast;carryminati;carry
6th Podcast Trailer | Mohit Cycling 30000 Kms For Save Soil,"Join us in our upcoming podcast as we delve into the intricacies of Mohit Anna's cycling odyssey, exploring the diverse terrains, cultures, and challenges encountered along the way.

Camera And Lighting- Sainath Rekam
Editing- Neha Katariya
Direction Department- Dinesh Palem, Arun Pasula

#TheJourneyWithin #PodcastTrailer #EnvironmentalActivism #SoilRevival #SustainableFarming #CyclingAdventure #InspiringStories #SaveOurPlanet #NatureConnection #Resilience #EnvironmentalAwareness #IndiaCyclingTour #SoilHealth #PositiveChange #ConsciousLiving #EnvironmentalMovement #SadhguruTeachings #ProtectOurEarth #ClimateAction #CommunityEngagement #TransformativeJourney #sadhgurusimplified #sadhguru #podcast #trailer

Subscribe to my newsletter: https://rebrand.ly/Youtubenewsletter ğŸ“§

My Life Story(Podcast): https://youtu.be/TY230RSCbbA

Follow me on Instagram: https://instagram.com/sadhgurufiedneha?igshid=YTQwZjQ0NmI0OA==

And Facebook: https://www.facebook.com/profile.php?id=100076920154692&mibextid=ZbWKwL

PLEASE LIKE SHARE SUBSCRIBE AND PRESS THE BELL ICON FOR NOTIFICATIONS OF THE UPCOMING VIDEOS, THANKS.",2023-07-18T18:30:17Z,323,35,,4,Knowledge,trailer 2023;trailer;podcast;podcast india;sadhguru;save soil;conscious planet;2023;cyclist;traveller;inspiration
Perfect Birthday Present for Sadhguru #sadhguru #shorts #birthday,Looking for the perfect birthday present for Sadhguru? Watch as Shankaran Pillai attempts to find the best gift in this hilarious comedy short! #sadhguru #shorts #birthday #sadhgurusimplified #humor #comedy #shankaranpillai,2024-08-30T11:30:34Z,1409,,,7,Entertainment;Film;Humour,sadhguru birthday;sadhguru;birthday
ğ™…ğ™šğ™¨ğ™ªğ™¨ ğ™ƒğ™–ğ™¨ ğ™ğ™¤ ğ™ğ™ğ™¨ğ™š #shorts #christmas,"Time to embrace the transformative power within, let the essence of Jesus rise, illuminating love, compassion, and spiritual awakening in you.
#JoyfulJingles #FestiveCheer #MerryAndBright #SeasonsGreetings #HolidayMagic #ChristmasJoy  #WinterWonderland #SantaClausIsComingToTown
#FestiveCheer #HolidayMagic #JoyfulSeason #ChristmasTraditions  #SeasonsGreetings #JingleAllTheWay #MerryAndBright #SantaClausIsComing #PeaceOnEarth #jesuschrist #sadhgurusimplified #sadhguru #reels #shorts",2023-12-25T16:38:19Z,534,26,,1,Religion,
||Save Soil-Big Relief from Environmental Problems|| #shorts #savesoil,"Save Soil is a game-changer when it comes to addressing environmental problems. Not only this, it provides a possibility to secure a sustainable future for generations to come.
#SaveSoil #SoilConservation #EnvironmentalRelief #SustainableFuture #ProtectOurSoil #HealthySoilHealthyPlanet #SoilMatters #PreserveBiodiversity #ClimateAction #EnvironmentalJustice #sadhguru #sadhgurusimplified #reels #shorts #savesoiltelangana #podcast",2023-06-10T01:30:19Z,443,48,,0,,Sadhguru;save soil;save soil movement;environment;mother earth;save the planet;environmental issues;Sadhguru latest;podcast
||How I Got Rid Of Tea Compulsion||,"#shorts #chai #tea #sadhgurusimplified #truth #compulsiveeating #compulsion #addiction #obsession #winning #leftbehind #happy #nochai 
#goodbyechai #healthylifestyle #sayno #youcandoit #yogapower #meditation #shambhavimahamudra #yoga",2022-11-19T11:43:56Z,266,24,,0,Health;Lifestyle_(sociology),
||Shankaran Pillai Personified|| #Sadhguru #ShankaranPillai,"Shankaran Pillai is finally out here with us and for us. Until now, he was only a reflection in Sadhguru's words and our imagination. Now he is here with us to explore Sadhguru's insights with fun and laughter, helping us see how we can apply them to our daily lives.
#shankaranpillaipersonified

Hindi Video: https://youtu.be/dlqCKcfGays
Subscribe to my newsletter: https://rebrand.ly/Youtubenewsletter

#Sadhguru
Yogi, mystic and visionary, Sadhguru is a spiritual master with a difference. An arresting blend of profundity and pragmatism, his life and work serves as a reminder that yoga is a contemporary science, vitally relevant to our times. 

Sound effects and Background Music: Zapsplat.com

PLEASE LIKE  SHARE  SUBSCRIBE  AND  PRESS  THE  BELL  ICON  FOR   NOTIFICATIONS  OF  THE  UPCOMING  VIDEOS, THANKS.",2021-09-10T10:21:38Z,6198,29,,1,Entertainment;Humour,sadhguru;isha;yoga;spirituality;wisdom;mysticism;seeking;shankaran pillai;comedy;funny;entertainment;humor;laugh;motivation;inner engineering;meditation;isha yoga;mystic;guru;sadhguru talks;sadhguru speeches;consciousness;funny videos;comedy videos;shankaran pillai jokes;shankaran pillai sadhguru;shankaran pillai personified;funny jokes;inspiration;life goals;adiyogi;ishayogacentre;yogi;lol;fun;drama;funny memes;memes
||Celebrating the Unsung Heroes: Isha Volunteers|| #shorts #ishavolunteers,"In a world that often seems consumed by self-interest and indifference, there exist individuals who selflessly dedicate their time, energy, and compassion to make a positive difference in the lives of others. Among these unsung heroes are the remarkable Isha volunteers. These extraordinary individuals epitomize the spirit of service and embody the essence of humanity. With their unwavering commitment, they inspire, uplift, and transform lives, leaving an indelible mark on the world.
#IshaVolunteers #UnsungHeroes #SelflessService #InspiringCompassion #TransformingLives #CommunityBuilders #HopeMakers #JoySpreaders #GratitudeForVolunteers #CelebratingService #MakingADifference #EmpoweringOthers #KindnessInAction #ImpactfulService #HeartOfService #InspiringChange #BuildingStrongerCommunities #VolunteerAppreciation #ShiningExamples #ServiceWithLove #HumanityFirst #sadhgurusimplified #sadhguru #reels #shorts #ishafoundation",2023-05-13T01:30:00Z,467,43,,2,,
Science Behind Designing Devi Temple  #shorts #navratri #sadhguru,"The ancient wisdom of yogic science aims to create sacred spaces that facilitate spiritual growth and inner transformation.
#YogicScience #TempleConstruction #SacredGeometry #SpiritualArchitecture
#CosmicAlignment #AncientWisdom #TempleDesign #EnergyCenters #InnerTransformation #SpiritualJourney
#ArchitectureAndYoga #TempleArt #CosmicHarmony #DivineSpaces #YogaPhilosophy
#AncientTraditions #SacredSpaces #YogicHeritage
#TempleScience #ArchitecturalWonders #lingabhairavi #devitemple #sadhgurusimplified #sadhguru #navratri #navratrispecial",2023-10-18T14:45:48Z,965,70,,0,Religion,sadhguru devi temple;secrets of kamakhya devi temple;jwala devi temple;sadhguru on devi;sadhguru on yantra;yantra devi sadhguru;sadhguru about devi;sadhguru occult devi;temples in india;sadhguru devi goddess;sadhguru talk on devi;sadhguru devi occult;sadhguru on occult;sadhguru;sadhguru yantra
ğ™ğ™–ğ™¢ğ™–ğ™®ğ™–ğ™£ğ™–- ğ™ˆğ™®ğ™©ğ™ğ™¤ğ™¡ğ™¤ğ™œğ™® ğ™Šğ™§ ğ™ƒğ™ğ™¨ğ™©ğ™¤ğ™§ğ™®?! #rammandir #youtubeshorts,"Sadhguru unveils the historical depth of Ramayana, debunking myths gracefully.
#SadhguruWisdom #RamayanaTruth #IndianHistory #MythBusting #SadhguruInsights #AncientWisdom #HistoryRevealed #SpiritualPerspective #MythologyUnveiled #rammandir #ramayana #truthrevealed #sadhgurusimplified #reels #youtubeshorts #sadhguru",2024-01-29T15:30:02Z,3945,172,,3,Religion,ram mandir;ayodhya;ram mandir ayodhya;Ramayana;sadhguru latest;Sadhguru English;sadhguru
||Why Isha Programs Are Not Free?|| #shorts #sadhguru #ishayoga,"Sadhguru's programs are designed to provide value and benefits to participants, and the fees charged help to ensure that participants are fully committed and invested in their own personal growth and development.
#Sadhguru
#IshaFoundation #SpiritualGrowth #InvestInYourself #SelfImprovement #Wisdom #Enlightenment #Meditation #Consciousness #Mindfulness #SelfAwareness #SelfRealization #Empowerment #PersonalGrowth #Transformation #Philosophy #Motivation #Inspiration #LifeLessons #PositiveVibes",2023-03-27T01:30:19Z,606,53,,0,,
ğ—¦ğ—®ğ—±ğ—µğ—´ğ˜‚ğ—¿ğ˜‚ ğ—œğ˜€ ğ—›ğ—²ğ—®ğ—¹ğ—¶ğ—»ğ—´ ğ—›ğ—¶ğ—ºğ˜€ğ—²ğ—¹ğ—³! #sadhguru #youtubeshorts,"Sadhguru, a mystic, a yogi, and a spiritual Guru, utilizes ancient practices to miraculously heal himself after facing a life-threatening situation.
#Sadhguru #MysticHealing #YogiMiracle #SpiritualGuru #AncientWisdom #HealingJourney #sadhgurusimplified #reels #yogicwisdom",2024-03-22T15:30:06Z,17072,1080,,54,,
||5 Sadhguru Books For Beginners|Book-2|| #shorts #spiritualbooks #sadhguru #beginners,#sadhguru #spirituality #books #sadhgurusimplified #ishafoundation #spiritualjourney #myexperience #sequence #booksaremagic #transformation #Mystic #read #lifechanging #motivational #eyeopener  #grateful #explore #suggestion,2023-02-22T04:17:15Z,284,21,,1,,
|The Radiance Of Krishna| #shorts #krishna #sadhguru #janamashtami,"This reel is a spiritual journey into the heart of Krishna's teachings, brought to life by Sadhguru's enlightening discourse.
#Sadhguru #KrishnaWisdom #SpiritualTalk
#DivineWisdom #SadhguruTeachings
#KrishnaPhilosophy #InnerPeace #YogaLife #SpiritualJourney #Sadhguru
#Meditation #Janmashtami #KrishnaJayanti #KrishnaJanmashtami
#LordKrishna #DivineCelebration
#DevotionalVibes #FestiveSpirit
#KrishnaLeela #Janmashtami2023
#SpiritualFestival #DahiHandi
#KrishnaBhajan #JanmashtamiDecor
#KrishnaArt #CelebratingKrishna #sadhgurusimplified #reels #shorts",2023-09-05T18:30:36Z,682,81,,4,Religion,janamashtami;sadhguru;sadhguru latest;spiritual awakening;spiritual growth;krishna;krishna jayanthi;wisdom
||Reason Behind Sadhguru's Fame|| #shorts #sadhguru #fame,"Want to know the reason behind Sadhguru's popularity? Watch this reel to know.
#Sadhguru #IshaFoundation #SpiritualTeacher #CharismaticPersonality #EnvironmentalSustainability #SocialCause #Technology #PracticalSpirituality #Mystic #Philosopher #Wisdom #Mindfulness #Meditation #Yoga #India #Inspiration #Motivation #SelfDiscovery #Consciousness #Awareness #famous #popular #sadhgurusimplified #reels",2023-04-01T01:30:12Z,554,56,,3,,
Why Isha Hatha Yoga Is Different #shorts #hathayoga #podcast,"Hear from a Hatha Yoga Teacher what is so special about Isha Hatha Yoga
#hathayoga #hathayogateacher #hathayogi #hathayogashorts #spirituality #sadhguru #yogiclife #wisdom #sadhgurusimplified #sadhguru #podcast #yogicpodcast",2023-09-11T11:30:08Z,822,70,,1,,Sadhguru;Sadhguru latest;spiritual master;spirituality;life journey;yogi;hatha yoga
Leave The Dead To The Dead #shorts #pitrapaksha,"Let's see how to be untouched by the impact of our ancestors and live as a fresh life with all due respect for what they have done for us.
#mahalayaamavasya #kalbhairavakarma #kalbhairavashanti #pitrapaksha #pitrapaksha2023 #sadhgurusimplified #deathrituals#RitualsForTheDeparted #EmbracingTheAfterlife
#CulturalTraditions #FearOfDeath #UnderstandingTheAfterlife
#SpiritualJourney #CelebrateLife #HonoringTheDead
#CulturalDiversity #LifeAfterDeath #OvercomingFear
#communitysupportedagriculture  #DeathAndSpirituality #RitualsForClosure #RespectAndUnderstanding #AfterlifeBeliefs
#CopingWithLoss #HealingThroughRituals #DeathAwareness #reels #shorts",2023-10-11T15:19:46Z,226,28,,1,Lifestyle_(sociology),
||Can Sadhguru Levitate?|| #sadhguru #question #interesting #shorts,"Trying to answer one of the most asked questions about Sadhguru related to a fascinating topic at the intersection of spirituality and science through my research, analysis and perception.
#sadhgurusimplified #ishafoundation #levitation #spirituality #science #yoga #meditation #mindbody #enlightenment #mysticism #debunking #skeptism #belief #faith #truthseeking #openmindedness #answeringquestions",2023-03-22T02:46:11Z,289,19,,2,,
||How Do You Prepare For Sadhana?||,#Sadhguru #sadhana #spirituality #Shorts #youtubeshorts #preparation #yogapreparation #yogi #yogini #meditation #yoga #ishafoundation #asanas #yogalife #mindfulness #yogapractice #wellness #fitness,2021-11-26T06:47:25Z,246,11,,1,Lifestyle_(sociology),
Shankaran Pillai Is Not Getting It! #shorts #humor,"Making Shankaran Pillai understand a simple thing itself is a big task. Hope you understand it well, try Isha Kriya if you won't.ğŸ˜‰
#shankaranpillai #sadhguru #ishakriya #funny #meme #humorous #meditation #freemeditation #reels #shorts #sadhgurusimplified",2023-09-25T14:50:58Z,1046,96,,7,Entertainment;Film;Humour,Isha kriya;humor;Shankaran Pillai;Sadhguru;shorts;isha foundation;funny;memes
||Child With Special Needs and Sadhguru|| #shorts #specialchild #sadhguru,"Witness the profound impact of Sadhguru's teachings on a child with special needs in this heartfelt reel. Experience the transformative power of love and understanding as barriers crumble, and the child's journey takes flight.
SpecialChildTransformation #SadhguruInspires #LimitlessPotential #SpiritualGuidance #InclusiveWisdom #EmpoweringSpecialNeeds #HeartwarmingJourney #UnleashingInnerStrength #LoveAndUnderstanding #GrowthAndSelfDiscovery #SpecialNeedsJourney #SpecialNeedsAwareness #UniqueAbilities #AbilityOverDisability #InspirationalChildren #ChampioningDifferences #EmbracingUniqueness #EmpoweringSpecialChildren #LimitlessPotential #sadhgurusimplified #sadhguru #specialchild #shorts #reels",2023-05-24T01:30:15Z,536,57,,0,Health;Lifestyle_(sociology),special child;disability;special needs;differently abled;Sadhguru;isha foundation;reels;shorts;child with disability
||Why Not To Eat During Lunar Eclipse||,#lunareclipse #shorts #sadhgurusimplified #eclipse #naturalphenomena #astronomicalevent #sadhguru #foodandeclipse #spirituality #knowledge #hiddenmeaning #reason #eclipsetotal #goldenglare,2022-11-13T08:00:35Z,248,12,,1,Lifestyle_(sociology),
||Completion Online||,"Inner Engineering Series Part-4
After Inner Engineering Online one can register for Inner Engineering Completion Online.
Enroll Now: https://www.innerengineering.com/

#shorts #myinnerengineering #innerengineering #sadhguru #innerengineeringonline #lifeafterinnerengineering #innerengineered #sadhgurusimplified #beforeandaftershambhavi #innerfreedom #beforeandafter #myjourney #spirituality #toolsfortransformation #yoginilife #weightloss #ojas #meditation #completion #completiononline #myinnerengineering",2022-09-04T14:57:52Z,683,56,,3,Health,
||Top 5 Sadhguru Books For Beginners||,"Namaskaram, if you are new to spirituality and want to explore it step by step. Here are 5 books you must read.
Book 1 ""Inner Engineering-A Yogi's Guide To Joy""
Book 2 ""Sadhguru- More Than A Life""
Book 3 ""Karma- A Yogi's Guide To Crafting Your Destiny""
Book 4 ""Death - An Inside Story""
Book 5 ""Mystic's Musings""
These books are available online on Amazon, Flipkart and also on Kindle. Share this video with someone who is new to spirituality and wants to read some relevant books.

Subscribe to my newsletter: https://rebrand.ly/Youtubenewsletter

Follow me on Instagram: https://instagram.com/nehak_artist?igshid=YmJhNjkzNzY=

And Facebook: https://www.facebook.com/profile.php?id=100076920154692&mibextid=ZbWKwL


#sadhguru #spirituality #books #sadhgurusimplified #ishafoundation #spiritualjourney #myexperience #sequence #booksaremagic #transformation #Mystic #read #lifechanging #motivational #eyeopener  #grateful #explore #suggestion 

 
Sadhguru- Yogi, mystic and visionary, Sadhguru is a spiritual master with a difference. An arresting blend of profundity and pragmatism, his life and work serve as a reminder that yoga is a contemporary science, vitally relevant to our times. 
PLEASE LIKE SHARE SUBSCRIBE AND PRESS THE BELL ICON FOR NOTIFICATIONS OF THE UPCOMING VIDEOS, THANKS.",2023-02-20T01:28:45Z,401,40,,7,Lifestyle_(sociology),sadhguru;sadhguru latest;sadhguru videos;maha shivaratri;maha shivaratri celebrations;sadhguru jaggi vasudev;self help books;book recommendations;spiritual books to read for beginners;best books;spirituality;self improvement;best books to read;booktube;spiritual book recommendations;book review;spiritual awakening;spirituality books;spiritual book collection;personal development;personal growth;books 2023;book haul;autobiography of a yogi
||No Dieting or Starving|| #Sadhguru #weightloss #yoga,#shorts #weightloss #healthyeating #healthylifestyle #powerofyoga #healthyfood #slimmingworld #fitnessmotivation #eatclean #healthychoices #fit #weightlosstransformation #fatloss #instagood #sadhgurusimplified #eathealthy #meditation #spirituality #yogasehihoga,2022-01-24T07:25:03Z,819,21,,0,Health;Lifestyle_(sociology),
||Do You Want To Eat Plastic?||,"#savesoil #100daysofsoil #Shorts #consciousplanet #earthbuddy #letsmakeithappen #plasticpollution #organiccompost #journeyforsoil #Sadhguru #consciousplanetğŸŒ #consciousliving @sadhguru @consciousplanet
Join the movement by visiting the website savesoil.org or WA bot (http://savesoil.co/wa)ğŸ€â˜˜ğŸŒ±ğŸ™ğŸ»",2022-04-09T07:55:26Z,75,4,,0,Health;Lifestyle_(sociology),
ğ‘³ğ’ğ’ˆğ’Šğ’„ ğ’—ğ’” ğ‘´ğ’ğ’•ğ’‰ğ’†ğ’“â€™ğ’” ğ‘³ğ’ğ’—ğ’† #humor #funny #shorts,"Get ready for a hilarious showdown between logic and motherhood in this comedy shorts video! Watch as the chaos unfolds in the battle of logic vs mother's love. 
#humor #funny #momlife#motherslove #motherhood #funnyvideo #comedy #lol #sadhgurusimplified",2024-07-29T14:30:13Z,164,,,0,Entertainment;Film;Humour,momlife;comedy;parents shorts;memetrap;unforgettable fails and mishaps;top things;international humor
||Important Announcement By Sadhguru|| #shorts #sadhguru #mahashivratri,"Sadhguru made an important announcement during the last phase of Mahashivratri 2023 celebration. 
#sadhguru #sadhgurusimplified #ishafoundation #mahashivratri #spirituality #celebration #jaagran #globalmovement #consciousplanet #guru #mystic #yogi",2023-03-15T01:30:09Z,180,26,,0,,
||Significance Of Lighting Lamps||,#shorts #lamps #diwali #spirituality #motivation #life #Sadhguru #yoga #meditation #diwalispecial,2021-11-03T06:03:28Z,68,5,,0,,sadhguru;shorts;life;motivation;spirituality;yoga;diwali;lamps;lighting lamps;diwali special
||5 Sadhguru Books For Beginners|Book-1|| #shorts #spiritualbooks #sadhguru #beginners,#sadhguru #spirituality #books #sadhgurusimplified #ishafoundation #spiritualjourney #myexperience #sequence #booksaremagic #transformation #Mystic #read #lifechanging #motivational #eyeopener  #grateful #explore #suggestion,2023-02-21T03:47:10Z,437,30,,0,,
Dutch Soul Yogi's Goal Part 2|Conversation With Hatha Yoga Teacher|Podcast|Ep 11,"In the second part of our podcast with Francesco Anna, our insightful yogi will share personal anecdotes, struggles, and triumphs, revealing the ways in which Hatha yoga has not only enriched his practice but also illuminated his path in life. From the first time he stepped onto the yoga mat to the evolution of his spiritual journey, you'll hear stories that resonate with both beginners and advanced yogis alike.

(00:00:00) â€“ Trailer
(00:01:08) â€“ What Made Anna Come To India?
(00:03:44) â€“ Challenges In Hatha Yoga Teacher's Training
(00:05:24) â€“ Is Hatha Yoga Teachers Training Program Expensive?
(00:07:29) â€“ 10 Years Of Experience As Hatha Yoga Teacher
(00:09:37) â€“ Hatha Yoga Teachers Community
(00:11:23) â€“ Which Hatha Yoga Program To Go For? 
(00:13:21) â€“ Where Do Hatha Yoga Teachers Conduct Classes?
(00:14:01) â€“ Wrong Notions About Yoga/Anna's Schedule
(00:17:32) â€“ AI/Technology And It's Conscious Use
(00:18:38) â€“ Never Heard Before Sadhguru Stories
(00:26:04) â€“ Rapid Fire Round
(00:37:53) â€“ Anna's Grip Over Nine Languages!
(00:42:38) â€“ Podcast Ends

For Hatha Yoga classes all across India
https://classicalhathayoga.in/sg/67/

To get in touch with Francesco Anna
info@jwalahathayogacenter.com

Camera & Lighting- Sainath Rekam
Idea & Editing- Neha Katariya

#hathayoga #podcast #sadhguru #MeditativeEchoesEurope #MindfulnessAcrossTheAtlantic #EuroMeditationSaga #ContemplativeConversations #MysticalEuropePodcast #InnerJourneyEU #EuropeanMindfulInsights #MeditationTrailblazers #TranscendenceTalksEurope #EuroZenExploration #sadhgurusimplified #ishafoundation #podcasting #podcastingcommunity #hathayogateacher #spirituality #spiritualjourney #mystic #guru 

Subscribe to my newsletter: https://rebrand.ly/Youtubenewsletter ğŸ“§

My Life Story(Podcast):   https://youtu.be/TY230RSCbbA?si=Tx5RoQsJH7xby5x2

Follow me on Instagram: https://instagram.com/sadhgurufiedneha?igshid=YTQwZjQ0NmI0OA==

And Facebook: https://www.facebook.com/profile.php?...

PLEASE LIKE SHARE SUBSCRIBE AND PRESS THE BELL ICON FOR NOTIFICATIONS OF THE UPCOMING VIDEOS, THANKS.",2023-09-09T11:30:06Z,950,66,,13,Health;Lifestyle_(sociology),yoga teacher training;spirituality;sadhguru;sadhguru latest;hatha yoga;online yoga teacher training;yoga for beginners;online yoga;yoga in india;podcast;yoga;hatha yoga for beginners;angamardana;inner engineering;surya kriya;surya shakti;spiritual journey;inner engineering review;enlightenment;inner transformation;inner engineering online;isha hatha yoga teacher;isha volunteer;yoga podcast;indian podcast;indian podcasts english;wisdom;sadhguru meditation
"||Exploring ""More"" Section- Sadhguru App|| #shorts #sadhguruapp #appwalkthrough","Isha life store, high resolution wallpapers, Isha Music and lot more is there under the ""More"" tab of Sadhguru App. Explore to know more...
Available on Google Play Store and App Store.
#Sadhguru #SadhguruApp #SpiritualJourney #SelfDiscovery #Meditation #Mindfulness #Inspiration #Enlightenment #SelfRealization #PeaceOfMind #Explore #Discover #Grow #Transform #SelfImprovement #SelfDevelopment #PositiveVibes #GoodVibes #More #muchmore #ishalife #wallpapers #ishayogacentre #soundsofisha #consecratedspaces #sadhgurusimplified #shorts #reels",2023-04-26T01:30:17Z,339,8,,1,,
||à¤°à¥à¤¦à¥à¤°à¤¾à¤•à¥à¤· à¤¦à¥€à¤•à¥à¤·à¤¾ à¤à¤• à¤¬à¤¾à¤° à¤«à¤¿à¤°||,"à¤¸à¤¿à¤°à¥à¤« à¤ªà¤¹à¤²à¥€ à¤¬à¤¾à¤° à¤°à¤œà¤¿à¤¸à¥à¤Ÿà¤° à¤•à¤°à¤¨à¥‡ à¤µà¤¾à¤²à¥‹à¤‚ à¤•à¥‡ à¤²à¤¿à¤ |
#rudrakshadiksha #rudraksha #Sadhguru #adiyogi #shivastearsofecstacy #yoga #initiation #spirituality #yoga #meditation #mahashivaratri2022 #mahashivaratri #meditation #sadhana #grace #guru #ishafoundation #sadhgurusimplified #à¤°à¥à¤¦à¥à¤°à¤¾à¤•à¥à¤· #à¤¦à¥€à¤•à¥à¤·à¤¾ #à¤¸à¤¦à¥à¤—à¥à¤°à¥",2022-01-05T10:29:25Z,292,15,,1,Lifestyle_(sociology),
||The Laddoo Saga|| #Sadhguru #ShankaranPillai,"Shankaran Pillai's wife Parvathi gets caught up  in a melange of Anger, Hatred and Resentment because of an incident. Shankaran Pillai shows her Sadhguru's Video which helps her to get rid of this entanglement.
Subscribe to my newsletter: https://rebrand.ly/Youtubenewsletter
Hindi Video: https://youtu.be/2v-NFeUZgMA
Reference Video: https://youtu.be/cRA4C_ni7PA


#Sadhguru
Yogi, mystic and visionary, Sadhguru is a spiritual master with a difference. An arresting blend of profundity and pragmatism, his life and work serves as a reminder that yoga is a contemporary science, vitally relevant to our times. 
 
Sound effects and Background Music: Zapsplat.com

PLEASE LIKE  SHARE  SUBSCRIBE  AND  PRESS  THE  BELL  ICON  FOR   NOTIFICATIONS  OF  THE  UPCOMING  VIDEOS.  THANKS",2021-07-24T07:03:52Z,85,9,,0,,sadhguru;shankaran pillai;parvathi;comedy;entertainment;funny;spirituality;yoga;meditation;laugh;life;lol;humor;inner engineering;motivation;comedy videos;funny videos;consciousness;inspiration;life goals;ishafoundation;adiyogi;sadhgurujaggivasudev;shiva;love;spiritual;isha;quotes;guru;ishayoga;spiritualawakening;yogi;mystic;ishayogacenter;mindfulness;sadhguru speeches;mysticism;sadhguru talks;seeking;sadguru speeches in english;Sadhguru (Person);wisdom;isha yoga;anger
||A Closer Look at the Sadhguru App Homepage|| #shorts #sadhguruapp #appreview,"Join me for a quick tour of the Sadhguru App homepage!
From daily quotes to audios, videos and small practices, the Sadhguru App has something for everyone looking to deepen their understanding of themselves and the world around them.
Don't miss this chance to discover the power of Sadhguru's teachings - download the app and start your journey today!
#Sadhguru #SadhguruApp #spirituality #innergrowth #meditation #selfimprovement #dailyquotes #IshaFoundation #guidedmeditation #mindfulness #wellness #mentalhealth
#consciousness #awakening #enlightenment #journeytowellness
#mindbodyspirit #holistichealth #personalgrowth #transformation #sadhgurusimplified #appwalkthrough #sadhguru",2023-04-19T01:30:04Z,359,15,,0,,
|| Birthday Gift For Sadhguru||,"Visit: https://www.ishaoutreach.org/en/cauvery-calling/plant-trees
#shorts #sadhguru #sadhgurusimplified #sadhgurubirthday #sadhguruat65 #yoginilife #birthdaygift #birthdaygiftideas #meditation #environmentfriendly #ecofriendly #inexpensive #naturelovers #spiritual #celebration #savenature #saveenvironment #bestgift #uniquegifts #shankaranpillai #shankaranpillaimemes",2022-09-01T03:55:05Z,784,76,,4,Entertainment,
||How To Forgive And Move On||,#shorts #Sadhguru #motivation #spirituality #forgiveness #forgive #moveon #sadhguru #life #reels,2021-10-22T07:04:39Z,212,6,,0,,
||Volunteers Mein Josh Co-ordinator Behosh||,"Lot of fun during All-Volunteers Meet in Hyderabad.
#savesoilwave #savesoilhyderabad #savesoil #volunteers #ishavolunteers #100daysofsoil #Shorts #consciousplanet #earthbuddy #letsmakeithappen #skit #funnymemes #environment #Oneforchange  #standupforsoil #SaveSoilMovement #LetsMakeItHappen #mittibachao #à¤®à¤¿à¤Ÿà¥à¤Ÿà¥€à¤¬à¤šà¤¾à¤“ #environment #motherearth #talkforsoil #journeyforsoil #Sadhguru #consciousplanetğŸŒ #consciousliving #drama #shankaranpillai #funnymemes @sadhguru @consciousplanet
Join the movement by visiting the website savesoil.org or WA bot (http://savesoil.co/wa)ğŸ€â˜˜ğŸŒ±ğŸ™ğŸ»",2022-06-12T10:46:32Z,392,13,,0,Entertainment,
||Sadhanapada- Journey Towards Inner Transformation|| #shorts #sadhanapada,"Explore the depths of your being, nurture connections with like-minded individuals, and embrace challenges for sustainable growth. Experience the power of Sadhanapada and embark on a transformative path towards personal fulfillment.
#Sadhanapada #InnerTransformation #SelfDiscovery #SpiritualJourney #CommunitySupport #PersonalGrowth #UnlockYourPotential #EmbraceChallenges #SelfRealization #SustainableTransformation #sadhgurusimplified #sadhguru #reels #shorts #podcast",2023-06-21T01:30:14Z,1474,109,,0,Lifestyle_(sociology),Sadhanapada;isha foundation;Sadhguru latest;spirituality;yoga;meditation;shorts;podcast;Indian podcast;trending
ğ—¦ğ—¶ğ—ºğ—½ğ—¹ğ—² ğ—¦ğ—¼ğ—¹ğ˜‚ğ˜ğ—¶ğ—¼ğ—» ğ—™ğ—¼ğ—¿ ğ—–ğ—¹ğ—®ğ—¿ğ—¶ğ˜ğ˜† ğ—œğ—» ğ—Ÿğ—¶ğ—³ğ—² #shorts #clarity,"Sadhguru often talks about the balance of intensity and relaxation for clear perception.
#IntenseYetRelaxed #YogiPerception
#ClarityInStillness #SadhguruWisdom
#BalancedAwareness #YogiWisdom
#InnerBalance #SadhguruTeachings
#YogaPhilosophy #sadhgurusimplified #sadhguru #reels #spiritualjourney",2023-11-22T15:30:14Z,586,25,,0,,
||My Transformation||Shambhavi Mahamudra||My Spiritual Journey||,"Namaskaram everyone, Here I am talking about the transformation that I went through in these two years of practicing Shambhavi Mahamudra. I got initiated into Shambhavi online in 2021, but it was in no way different than an offline initiation. The experience of getting initiated itself was a blast for me. Something unlocked that day and I started feeling lighter. 
  Shambhavi Mahamudra helped me get rid of many compulsions and win over my strong dislikes. I feel I have become a completely different person in these two years.  
 *Also sharing with you guys how I manage to do my Sadhana daily.*  

#sadhguru #shambhavimahamudra  #yogapractice #sadhgurusimplified #ishafoundation  #yoga #dailysadhana #transformation #yoginilife #blessed #gurugrace #mymaster #grateful #thankful #spirituality #spiritual #guru 

Subscribe to my newsletter: https://rebrand.ly/Youtubenewsletter
Follow me on Instagram: https://instagram.com/nehak_artist?igshid=YmJhNjkzNzY=
And Facebook: https://www.facebook.com/profile.php?id=100076920154692&mibextid=ZbWKwL

#Sadhguru
Yogi, mystic and visionary, Sadhguru is a spiritual master with a difference. An arresting blend of profundity and pragmatism, his life and work serve as a reminder that yoga is a contemporary science, vitally relevant to our times. 
PLEASE LIKE SHARE SUBSCRIBE AND PRESS THE BELL ICON FOR NOTIFICATIONS OF THE UPCOMING VIDEOS, THANKS.",2023-01-28T09:45:00Z,915,64,,7,Health;Lifestyle_(sociology),sadhguru;spirituality;inner engineering;my journey;shambhavi mahamudra;transformation
||Gratitude Is Not An Attitude|| #shorts #gratitude #sadhguru,"This reel inspires you to take a moment to reflect on the things you are grateful for. Whether it's your family, friends, or simply the fact that you woke up this morning, there is always something to be thankful for. So let's embrace the power of gratitude and spread positivity wherever we go. 
 
#Gratitude #Thankful #Appreciation
#Blessed #PositiveVibes #GoodVibesOnly #Mindfulness #Joyful #Happiness #Thanksgiving #ThankYou #GratefulHeart
#DailyGratitude #AttitudeOfGratitude
#GratitudeAttitude #Grateful #HappyHeart #SpreadLove #SpreadPositivity #LoveAndGratitude #sadhgurusimplified #ishafoundation #yogalife #spirituality",2023-04-08T01:30:15Z,118,11,,0,,
||Sadhguru's Spiritual Journey|| #shorts #sadhguru #enlightenment,"Discover the incredible story of Sadhguru's spiritual transformation.
#Sadhguru #Enlightenment #Spirituality #Meditation #Yoga #InnerJourney #PersonalGrowth #Mindfulness #Inspiration #Motivation #Wisdom #Transformation #SpiritualJourney #SelfDiscovery #SelfRealization #Divine #HigherConsciousness #EnlightenedMaster #Guru #Reel #shorts #sadhgurusimplified",2023-03-29T01:30:04Z,580,27,,1,,
Why Are They Targeting Sadhguru #sadhguru #target #sadhgurusimplified #falseallegations,,2024-10-18T11:30:30Z,256,,,0,Religion,
Shankaran Pillai Trying To Get Enlightened #shorts #humor,"Our beloved Shankaran Pillai finds himself on a quest for enlightenment, armed with nothing but his trademark wit and a healthy dose of confusion. What ensues is a sidesplitting reel that has everyone in stitches.
#ShankaranPillaiEnlightened #ComedyGold
#SpiritualMisadventures #LaughOutLoud
#HilariousJourney #WittyWisdom #FunnyReel #ChasingEnlightenment #ShankaranPillaiLaughs #HilarityUnleashed #PathToWisecracks #EpicFail #ShankaranPillaiAdventures
#RollingOnTheFloorLaughing #reels #shorts #sadhgurusimplified #funny #humorous #ytshorts #laughter",2023-09-18T11:30:26Z,802,94,,3,Entertainment;Humour,comedy;comedy videos;comedy video;funny comedy;comedy funny video;comedy 2023;new comedy;best comedy;comedy club 2023;full comedy special;viral comedy;new comedy videos 2022;top new comedy;funny clips video;shankaran pillai
||What You Don't Know About Vak Shuddhi|| #Sadhguru #vakshuddhi #speak,"Do you know, the sounds that we utter or hear can nurture or damage our system. Vak Shuddhi is not among the much talked about topics but is very crucial. What are the important factors associated with Vak Shuddhi, why should we focus on Vak Shuddhi, why English speaking people are not able to utter mantras? Watch the video to get answers to many such questions.
Subscribe to my newsletter: https://rebrand.ly/Youtubenewsletter

Article for reference: https://isha.sadhguru.org/us/en/wisdom/article/what-is-vak-shuddhi-part-1

#vakshuddhi #Sadhguru #cleansing #sounds #powerofsound #sound #audio #meditation #yoga #spirituality #sadhgurusimplified #yoginilife #speech #rightsounds #correctsounds #pleasingsounds #listen #hear #utter #say",2022-02-17T18:40:54Z,215,11,,4,Lifestyle_(sociology),Sadhguru;isha foundation;vak shuddhi;power of speech;vak shuddhi sadhguru;vak shuddhi lesson;vak shuddhi meaning
ğ‘«ğ’Šğ’˜ğ’‚ğ’ğ’Š/ğ‘«ğ’‰ğ’‚ğ’ğ’•ğ’†ğ’“ğ’‚ğ’” ğ‘°ğ’” ğ‘µğ’ğ’• ğ‘¾ğ’‰ğ’‚ğ’• ğ’€ğ’ğ’– ğ‘»ğ’‰ğ’Šğ’ğ’Œ #shorts #diwali,"Sadhguru Says Deepawali is not just a religious festival but it has got something to do with our geographical location on this planet. Let's watch how...
#SadhguruInsights #DiwaliCelebration #CulturalSignificance #UnityInDiversity #GeographicalTraditions #FestivalOfLights #DiwaliVibes #Traditions #FamilyCelebration #DiwaliJoy #LightingUpLives #RangoliArt #Deepawali #CulturalHeritage #LightOverDarkness #sadhgurusimplified #sadhguru #mindfulness #reels #meditation #dhanteras",2023-11-10T15:30:14Z,188,20,,0,Lifestyle_(sociology),happy diwali;diwali;shorts;mere tumhare sabke liye happy diwali
||Save Soil...Save Mother Earth||,"Conscious Planet is a Global Movement to initiate a conscious approach to soil and planet. The movement seeks to show governments of all nations that their citizens want a policy to revitalize soil and ecology.

To activate and demonstrate the support of over 3 billion citizens, Sadhguru will be riding a motorcycle alone, 30,000 kilometers across 24 nations.

The rally will start in London and end in southern India, where the Cauvery Calling project, initiated by Sadhguru, has enabled 125,000 farmers to plant 62 million trees to revive soil and river Cauvery.

Activating citizen participation will ensure that ecological issues become election issues, so that governments create policies and set budgets for ecological solutions, leading to sustained implementation.

Find out more at https://www.consciousplanet.org

#ConsciousPlanet #SaveSoil #WorldSoilDay #Shorts

#Sadhguru
Yogi, mystic and visionary, Sadhguru is a spiritual master with a difference. An arresting blend of profundity and pragmatism, his life and work serves as a reminder that yoga is a contemporary science, vitally relevant to our times.",2021-12-10T07:56:35Z,136,23,,0,Religion,soil;sadhguru #;isha foundation;sadhana;yoga;spirituality;mindfulness;save soil
Story You Don't Want To Miss Out|7th Podcast Trailer #podcast #trailer,"In this heartfelt and candid trailer, Abhiram Anna courageously opens up about the difficult moments he faced in life. From battling inner demons to navigating the complexities of relationships, his story is one of resilience and hope. Full podcast coming soon.

Camera And Lighting- Sainath Rekam
Editing- Neha Katariya

Subscribe to my newsletter: https://rebrand.ly/Youtubenewsletter ğŸ“§

My Life Story(Podcast):   

 â€¢ Neha - Ghosts, Bl...  

Follow me on Instagram: https://instagram.com/sadhgurufiedneha?igshid=YTQwZjQ0NmI0OA==

And Facebook: https://www.facebook.com/profile.php?...

PLEASE LIKE SHARE SUBSCRIBE AND PRESS THE BELL ICON FOR NOTIFICATIONS OF THE UPCOMING VIDEOS, THANKS.

#TheJourneyWithin #PodcastTrailer #ishavolunteers  #InspiringStories  #Resilience #PositiveChange #SadhguruTeachings #ProtectOurEarth  #TransformativeJourney #sadhgurusimplified #sadhguru #podcast #trailer  #shambhavimahamudra #ishakriya #Podcasting #PodcastLife #Podcaster #podcastrecommendations #PodcastersOfInstagram #PodcastLove #PodcastCommunity #ListenToPodcasts #PodcastRecommendation #relationshipgoals #ishafoundation #conversation #comingsoon",2023-08-02T11:30:18Z,571,50,,5,,spirituality;spirituality for beginners;spiritual awakening;spirituality vs religion;sadhguru;isha foundation;podcast;jaggi vasudev;sadhguru simplified;sadhguru kailash;sadhguru videos;podcast latest;podcast india;podcast video;yoga;story;meditation;guru;isha;wisdom;shiva;life;indian yogi;motivational video;zen;healing;mental health;indian podcast;not crazy;top g;hare krishna;how to be better;the ranveer show beerbiceps
||Gap between Food And Sadhana||,#shorts #ShankaranPillai #Quiz #answer #spirituality #mindfulness #yoga #meditation,2021-10-27T07:44:00Z,310,14,,2,Health,shankaran pillai;sadhguru;meditation;yoga;mindfulness;yogic practice;spirituality;quiz;question
"Shower In Winters, Definitely! #sadhguru #shower #winters #sadhgurusimplified","shower before or after yoga, can we do yoga after bathing, yoga before bathing, bathing before or after yoga, can we do yoga after bathing, sadhguru about shower, sadhguru about cold shower, sadhguru on cold water shower",2024-12-18T11:30:05Z,1564,47,,5,,sadhguru latest;shower routines;daily sadhana practice;funny shorts
Shiv Shakti- Chandrayaan 3 Landing Point #youtubeshorts #shorts #chandrayaan3 #isro,"Watch how Sadhguru replied to the question whether it is appropriate to give the name ""Shiv Shakti"" to Chandrayaan 3 landing point.
#chandrayaan3 #shivshakti #isro #shivshaktipoint #SadhguruReacts #Chandrayaan3Landing #UnexpectedWisdom #HumorAndInsight #CreativeNaming #fundamentalenergy #UnconventionalResponse #shorts #youtubeshorts #reels #india #sadhguru #ishafoundation #yourthoughts #sadhgurusimplified #pmmodi",2023-08-28T11:30:30Z,631,39,,3,Knowledge,pm modi;narendra modi;india;chandrayaan 3 vikram lander;chandrayaan 3 deboosting;space documentary;chandrayaan 3 vs luna 25;shiv shakti;india moon mission;vikram lander;à¤šà¤‚à¤¦à¥à¤°à¤¯à¤¾à¤¨ 3;chandrayaan 3 news;isro chandrayaan 3;chandrayaan 3 landing;chandrayaan 3;chandrayaan 3 update;chandrayaan 3 mission;prime minister of india
Yoga Means UnionğŸ§˜â€â™€ï¸#internationaldayofyoga #ytshorts,"sadhguru, spirituality, sadhguru videos, sadhguru latest, sadhguru meditation, sadhguru english, sadhguru jaggi vasudev, sadguru, sadhguru interview, sadhguru 2020, sadhguru quotes, #sadhguru, sadhguru (person), sadhguru 2021, sadhguru 2022, sadguru speeches, sadhguru spirituality, sadguru speech in english, sadhguru on spirituality, sadhguru and spirituality, sadhguru 2023, sadhguru shorts, sadhguru about spirituality, sadhguru speech, sadhguru speeches
#sadhguru  #sadhgurusimplified  #meditation #yoga #sadhguruquotes  #ishafoundation  #spirituality #spiritual #osho #love  #innerengineering #adiyogi #india  #sadhgurujaggivasudev #shiva #isha  #ishayoga #spiritualawakening  #life  #motivation  #guru  #quotes  #yogi  #buddha  #consciousness #unplugwithsadhguru  #peace  #ishayogacenter #mindfulness  #hinduism #oshoquotes
@sadhguru",2024-06-21T14:30:17Z,58,,,0,Religion,
||Last Full Moon Satsang||,"Only one more full moon Satsang with Sadhguru is left. Don't miss this opportunity to be with him on this auspicious occasion of Thaipusam. Join live on Youtube channel or Facebook page.
#Sadhguru #shorts #fullmoonmeditation #satsang #fullmoonsatsang #lastchance #themoon #spirituality #yoga #meditation #sadhgurusimplified
#moonlovers #fullmoon #lunar #specialmeditation #yoginilife #fullmoonflirtations",2022-01-17T09:41:54Z,149,12,,0,Religion,
||All About Yogeshwar Linga Consecration||Isha Ashram Bengaluru||Vlog||,"Namaskaram, this video is all about my journey and experience of Yogeshwar Linga Consecration. Here you will find
* What is Consecraton & why it is important
*How was Yogeshwar Linga Consecrated
*Preparatory Sadhana We did for Consecration
*Route & time taken to reach Isha Ashram Bengaluru
*Consecration day routine
*Seating arrangement & cost
*Things I received in Check-in bag
*My honest review about Consecration & much more....

#sadhguru #consecration #volunteering #vlog #sadhgurusimplified #ishafoundation #sadhguruexclusive #myexperience #exclusive #blessed #tour #firsttime #ishavolunteers #yoginilifestyle #grateful #thankful #spirituality #spiritual #guru #yogeshwarlingaconsecration
#ishabengaluru #chikaballapur #honestreview 
Subscribe to my newsletter: https://rebrand.ly/Youtubenewsletter
Follow me on Instagram: https://instagram.com/nehak_artist?igshid=YmJhNjkzNzY=
And Facebook: https://www.facebook.com/profile.php?id=100076920154692&mibextid=ZbWKwL

#Sadhguru
Yogi, mystic and visionary, Sadhguru is a spiritual master with a difference. An arresting blend of profundity and pragmatism, his life and work serve as a reminder that yoga is a contemporary science, vitally relevant to our times. 
PLEASE LIKE SHARE SUBSCRIBE AND PRESS THE BELL ICON FOR NOTIFICATIONS OF THE UPCOMING VIDEOS, THANKS.",2023-01-21T05:49:52Z,359,22,,1,Lifestyle_(sociology);Religion,sadhguru;spirituality;inner engineering;sadhguru videos;sadhguru latest;sadhguru jaggi vasudev;yogeshwar linga consecration;consecration;ancient science of india;prana pratishta
||Sadhguru Answered These Questions During Mahashivratri|| #sadhguru #mahashivratri #shorts,"Here I am sharing with you three of my favorite questions Sadhguru answered during Mahashivratri.
#asksadhguru #sadhgurusimplified #mahashivratri2023 #celebration #nightlong #celebrationmode #divinecelebration #divinenight #ishafoundation #jaagran",2023-03-13T01:30:18Z,107,9,,0,,
ğ˜¾ğ™–ğ™£ ğ˜¼ğ™„ ğ™ğ™šğ™¥ğ™¡ğ™–ğ™˜ğ™š ğ™”ğ™¤ğ™ª?! #shorts #artificialintelligence,"Sadhguru explores AI's potential to replace human roles, contemplating its impact on the future with wisdom and foresight.
#ArtificialIntelligence #FutureTech #AIApplications #SmartTech #Automation #DigitalTransformation #AIResearch #Sadhguru #FutureImpact #AIInsights #HumanVersusAI #WisdomTalks #SadhguruWisdom #FutureOfWork #sadhgurusimplified",2024-01-03T15:35:52Z,244,14,,0,,
Mahashivratri 2023 #shorts #sadhguru #sadhgurusimplified #mahashivratri2023 #mahashivratri,,2023-02-06T05:59:17Z,275,10,,0,Lifestyle_(sociology),
||Sadhana Transformed Me|| #shorts #sadhguru,"Practices learnt at Isha Yoga Centre emphasize experiential learning, empowering individuals to take charge of their own transformation. By regularly engaging in these practices, individuals have reported positive changes in their relationships, work performance, and overall well-being.
#IshaPractices #TransformationalWisdom #InnerEngineering #Sadhguru #HolisticWellBeing #MindBodyEnergy #ShambhaviMahamudra #UpaYoga #PersonalGrowth #SelfTransformation #ExperientialLearning #Vitality #Clarity #Connection #JoyfulLiving #BalancedLife  #sadhgurusimplified #sadhguru #podcast #reels #shorts",2023-07-10T01:30:05Z,1064,80,,1,Health;Lifestyle_(sociology),
||Where Are We Heading To?||,"Join the movement by visiting the website savesoil.org or WA bot (http://savesoil.co/wa)ğŸ€â˜˜ğŸŒ±ğŸ™ğŸ»
#Savesoil #Shorts #Sadhguru #EarthBuddy #savethesoil #consciousplanet 
#savesoilğŸƒ #100daysforsoil #soilforlife #100daysofsoil #journeyforsoil #Sadhguru #consciousplanetğŸŒ #consciousliving @sadhguru @consciousplanet",2022-04-02T05:09:46Z,23,2,,1,,
ğ™€ğ™¢ğ™—ğ™§ğ™–ğ™˜ğ™ğ™£ğ™œ ğ™‚ğ™ªğ™§ğ™ª'ğ™¨ ğ™ğ™–ğ™™ğ™ğ™–ğ™£ğ™˜ğ™š #shorts,"Beauty is not a question of shapes and forms. It's a question of what you exude. - Sadhguru
#GuruGrace #SoulfulBeauty #MentorMagic #InspiredByElegance #GuruLove #RadiantWisdom #HeartfeltTribute #InnerBeautyJourney #GracefulMentorship #SpiritualElegance #sadhguru #mystic #yogi #sadhgurusimplified #sadhguru #sadhguruquotes #shorts #reels",2023-11-15T15:30:01Z,335,36,,1,Music_of_Asia;Religion,sadhguru;sadhguru latest;sadhguru english;sadhguru jaggi vasudev
||Together We Can||,"#savesoil #100daysofsoil #Shorts #consciousplanet #earthbuddy #letsmakeithappen #plasticpollution #Oneforchange #standupforsoil #vision #mission #SaveSoilMovement #LetsMakeItHappen #mittibachao #à¤®à¤¿à¤Ÿà¥à¤Ÿà¥€à¤¬à¤šà¤¾à¤“ #environment #motherearth #organiccompost #talkforsoil #journeyforsoil #Sadhguru #consciousplanetğŸŒ #consciousliving @sadhguru @consciousplanet
Join the movement by visiting the website savesoil.org or WA bot (http://savesoil.co/wa)ğŸ€â˜˜ğŸŒ±ğŸ™ğŸ»",2022-05-06T04:46:44Z,89,6,,0,Knowledge,
||Yogasanas Made Me Cry!|| #yoga #shorts,"The word asana literally means a posture. Out of the innumerable asanas a body can assume, 84 have been identified as Yogasanas, through which one can transform the body and mind into a possibility for ultimate wellbeing. Yogasanas are not exercises, but rather very subtle processes to manipulate oneâ€™s energy in a particular direction.
#IshaYogasanas #HarmonyWithin #YogaJourney #Wellbeing #Balance #Sadhguru #Transformation #InnerHarmony #MindBodySoul #SelfDiscovery #HolisticHealth #SpiritualAwakening #YogaBenefits #PhysicalVitality #MentalClarity #Calmness #Inspiration #YogaCommunity #YogaForAll #SelfCare #Wellness #Rejuvenation #sadhgurusimplified #podcast #reels #shorts",2023-07-06T01:30:07Z,611,73,,0,Health,Sadhguru;trending;podcast;doctor;reels;yoga;meditation;spiritual;shorts
||5th Podcast Trailer||In Conversation With Dr Sreekar||,"In this intense podcast trailer, join us as we embark on a transformative journey with Dr. Sreekar (Mbbs, Md pulmonary medicine, Drnb cardiology second year ), a remarkable individual who seamlessly blends his roles as a doctor, Isha Meditator, and devotee of Sadhguru.
#Podcast #HealthMatters #sadhguru #TheHealingPath #Medicine #Spirituality #WellBeing #SelfDiscovery #MindBodySoul #HolisticHealth
#Meditation #Sadhguru #IshaFoundation #MedicalBreakthroughs
#IntegrativeMedicine #TransformativeHealing #InnerWisdom
#PersonalGrowth #WellnessJourney #BalanceAndHarmony #sadhgurusimplified #trailer #doctor 

Camera And Lighting- Sainath Rekam
Editing- Neha Katariya

Subscribe to my newsletter: https://rebrand.ly/Youtubenewsletter ğŸ“§

My Life Story(Podcast): https://youtu.be/TY230RSCbbA

Follow me on Instagram: https://instagram.com/sadhgurufiedneha?igshid=YTQwZjQ0NmI0OA==

And Facebook: https://www.facebook.com/profile.php?id=100076920154692&mibextid=ZbWKwL

PLEASE LIKE SHARE SUBSCRIBE AND PRESS THE BELL ICON FOR NOTIFICATIONS OF THE UPCOMING VIDEOS, THANKS.",2023-06-28T01:30:15Z,661,56,,3,Health,sadhguru;isha foundation;meditation;yoga;spiritual;medicine;trending;podcast;podcast english;doctor
||Yogasanas Made Me Cry!|| #yoga #shorts,"The word asana literally means a posture. Out of the innumerable asanas a body can assume, 84 have been identified as Yogasanas, through which one can transform the body and mind into a possibility for ultimate wellbeing. Yogasanas are not exercises, but rather very subtle processes to manipulate oneâ€™s energy in a particular direction.
#IshaYogasanas #HarmonyWithin #YogaJourney #Wellbeing #Balance #Sadhguru #Transformation #InnerHarmony #MindBodySoul #SelfDiscovery #HolisticHealth #SpiritualAwakening #YogaBenefits #PhysicalVitality #MentalClarity #Calmness #Inspiration #YogaCommunity #YogaForAll #SelfCare #Wellness #Rejuvenation #sadhgurusimplified #podcast #reels #shorts",2023-07-06T01:30:07Z,611,73,,0,Health,Sadhguru;trending;podcast;doctor;reels;yoga;meditation;spiritual;shorts
||Sadhguru Exclusive-Most Powerful Feature|| #shorts #sadhguruapp,"The Sadhguru Exclusive feature is an incredibly valuable resource for anyone who is interested in deepening their spiritual practice and gaining a deeper understanding of themselves and the world beyond. It is a testament to Sadhguru's commitment to sharing his wisdom and teachings with as many people as possible, and it is a must-have for anyone who wants to experience the transformative power of his teachings.
#discoversadhguruexclusive #sadhguruexclusive #sadhguru #sadhgurusimplified #sadhguruapp #ishafoundation #meditation #spirituality #mindfulness #inspiration #beyond #worldbeyond #intense #deep #notforfainthearted #anotherside #appreview #exploringapp #subscribe #membership #reels #reelsvideo #shortvideo",2023-04-29T01:30:23Z,368,21,,0,,
ğ™€ğ™¢ğ™—ğ™§ğ™–ğ™˜ğ™ğ™£ğ™œ ğ™‚ğ™ªğ™§ğ™ª'ğ™¨ ğ™ğ™–ğ™™ğ™ğ™–ğ™£ğ™˜ğ™š #shorts,"Beauty is not a question of shapes and forms. It's a question of what you exude. - Sadhguru
#GuruGrace #SoulfulBeauty #MentorMagic #InspiredByElegance #GuruLove #RadiantWisdom #HeartfeltTribute #InnerBeautyJourney #GracefulMentorship #SpiritualElegance #sadhguru #mystic #yogi #sadhgurusimplified #sadhguru #sadhguruquotes #shorts #reels",2023-11-15T15:30:01Z,335,36,,1,Music_of_Asia;Religion,sadhguru;sadhguru latest;sadhguru english;sadhguru jaggi vasudev
||Sadhana Transformed Me|| #shorts #sadhguru,"Practices learnt at Isha Yoga Centre emphasize experiential learning, empowering individuals to take charge of their own transformation. By regularly engaging in these practices, individuals have reported positive changes in their relationships, work performance, and overall well-being.
#IshaPractices #TransformationalWisdom #InnerEngineering #Sadhguru #HolisticWellBeing #MindBodyEnergy #ShambhaviMahamudra #UpaYoga #PersonalGrowth #SelfTransformation #ExperientialLearning #Vitality #Clarity #Connection #JoyfulLiving #BalancedLife  #sadhgurusimplified #sadhguru #podcast #reels #shorts",2023-07-10T01:30:05Z,1064,80,,1,Health;Lifestyle_(sociology),
êœ°Ê€á´‡á´‡ á´˜á´á´¡á´‡Ê€êœ°á´œÊŸ á´á´‡á´…Éªá´›á´€á´›Éªá´É´-Éªêœ±Êœá´€ á´‹Ê€ÉªÊá´€ #shorts #ishakriya,"Isha Kriya is a guided meditation designed by the spiritual teacher and yogi Sadhguru, it is a simple yet powerful practice that can be easily learned and is suitable for people of all ages and backgrounds.
#IshaKriya #TeenMeditation #MindfulnessTeens #YouthWellness #SpiritualityForTeens #InnerPeaceJourney #MindfulLiving #TeenPodcast #KriyaExperience #YouthEmpowerment
#TeenMindfulness #WellnessWednesday #MindfulGeneration #IshaFoundation
#TeenSpirituality #MeditationMinds #YouthAwakening #TeenageWisdom
#MindfulPodcast #sadhgurusimplified #sadhguru #reels #mindfulness #shorts",2023-11-13T15:30:11Z,387,29,,0,,
ğ— ğ—®ğ—»ğ—®ğ—´ğ—¶ğ—»ğ—´ ğ—Ÿğ—¶ğ—³ğ—² ğ—§ğ—µğ—² ğ—¥ğ—¶ğ—´ğ—µğ˜ ğ—ªğ—®ğ˜†! Full Video Link In Comments,"Full Video Link In Comments
#sadhguru #sadhgurusimplified #humor #evolution #sadhguruwisdom",2024-04-29T16:03:00Z,314,,,1,Entertainment;Humour,evolution;humor;sadhguru latest
||3rd Podcast Official Trailer||,"Get ready to join us for an uplifting podcast as we chat with our bubbly girl Vaishnavi Akka, who shares her journey as an Isha Meditator and Save Soil volunteer. Discover her transformative experiences and the joy she finds in both spiritual practice and environmental activism. Get ready to be inspired! ğŸŒ±âœ¨

Big thanks to my team Sainath Rekam, Utkarsh Sharma, Dinesh Palem, Arun Pasula, and special thanks to Vaishnavi Akka.

Subscribe to my newsletter: https://rebrand.ly/Youtubenewsletter ğŸ“§

My Life Story(Podcast): https://youtu.be/TY230RSCbbA

Follow me on Instagram: https://instagram.com/sadhgurufiedneha?igshid=YTQwZjQ0NmI0OA==

And Facebook: https://www.facebook.com/profile.php?id=100076920154692&mibextid=ZbWKwL

#IshaMeditator #SaveSoil #InnerJourney #SpiritualPractice #EnvironmentalActivism #TransformativeExperiences #Inspiration #PositiveVibes #JoyfulLiving #Consciousness #SelfDiscovery #SustainableLiving #MotherEarth #Interview #BubblyGirl #WisdomSharing #sadhguru #sadhgurusimplified #podcast #newepisode",2023-05-31T01:30:11Z,957,66,,12,Lifestyle_(sociology),trailer;sadhguru;podcast;latest;trending;spiritual;interview;official trailer;trailer 2023;consciousness;transformation;new episode
||5th Podcast Trailer||In Conversation With Dr Sreekar||,"In this intense podcast trailer, join us as we embark on a transformative journey with Dr. Sreekar (Mbbs, Md pulmonary medicine, Drnb cardiology second year ), a remarkable individual who seamlessly blends his roles as a doctor, Isha Meditator, and devotee of Sadhguru.
#Podcast #HealthMatters #sadhguru #TheHealingPath #Medicine #Spirituality #WellBeing #SelfDiscovery #MindBodySoul #HolisticHealth
#Meditation #Sadhguru #IshaFoundation #MedicalBreakthroughs
#IntegrativeMedicine #TransformativeHealing #InnerWisdom
#PersonalGrowth #WellnessJourney #BalanceAndHarmony #sadhgurusimplified #trailer #doctor 

Camera And Lighting- Sainath Rekam
Editing- Neha Katariya

Subscribe to my newsletter: https://rebrand.ly/Youtubenewsletter ğŸ“§

My Life Story(Podcast): https://youtu.be/TY230RSCbbA

Follow me on Instagram: https://instagram.com/sadhgurufiedneha?igshid=YTQwZjQ0NmI0OA==

And Facebook: https://www.facebook.com/profile.php?id=100076920154692&mibextid=ZbWKwL

PLEASE LIKE SHARE SUBSCRIBE AND PRESS THE BELL ICON FOR NOTIFICATIONS OF THE UPCOMING VIDEOS, THANKS.",2023-06-28T01:30:15Z,661,56,,3,Health,sadhguru;isha foundation;meditation;yoga;spiritual;medicine;trending;podcast;podcast english;doctor
||Content Creators Program At Isha|Influencers Retreat|Ashram Volnteering||,"Namaskaram, this video is about my first ashram volunteering and the Social Media Influencers Retreat that happened recently at Isha Yoga Centre, Coimbatore. So here I am telling about what all happened in the program and how was my first volunteering experience at ashram. 
   Though I have visited ashram quite a few times but this time I got to volunteer as well. During this volunteering I was with few influencers from Andhra Pradesh and Telanagana i.e. Madhavi akka @MADGARDENER  Sridevi Akka and Kalyan Sir @kalaguragampa  and Teja Sir @VismaiFood  
   Here I am also sharing what an exclusive session with Sadhguru did to me. Overall it was fun and intense and I am looking forward for more ashram volunteering now.
#sadhguru #volunteering #vlog #sadhgurusimplified #ishafoundation #sadhguruexclusive #myexperience #influencer #ishaprogram #exclusive #blessed #tour #firsttime #ishavolunteers #andhrapradesh #telangana #yoginilifestyle #grateful #thankful #spirituality #spiritual #guru 

Subscribe to my newsletter: https://rebrand.ly/Youtubenewsletter
Follow me on Instagram: https://instagram.com/nehak_artist?igshid=YmJhNjkzNzY=
And Facebook: https://www.facebook.com/profile.php?id=100076920154692&mibextid=ZbWKwL

#Sadhguru
Yogi, mystic and visionary, Sadhguru is a spiritual master with a difference. An arresting blend of profundity and pragmatism, his life and work serve as a reminder that yoga is a contemporary science, vitally relevant to our times. 
PLEASE LIKE SHARE SUBSCRIBE AND PRESS THE BELL ICON FOR NOTIFICATIONS OF THE UPCOMING VIDEOS, THANKS.",2023-01-12T05:44:25Z,575,29,,1,Lifestyle_(sociology),sadhguru;isha yoga center;sadhguru videos;sadhguru latest;content creator;full time content creator;how to become a content creator;how to become a full time content creator;social media;how to be a full time content creator;how to be a content creator;how to be an influencer;content creation;how to become an influencer on instagram;influencer tips and tricks;how to become an influencer;influencer tips;content creation for beginners
Did you do INNER ENGINEERING ONLINE? #Sadhguru #InnerEngineering,"Subscribe to my newsletter: https://rebrand.ly/Youtubenewsletter
Music credit: https://www.youtube.com/watch?v=W1WXgrguZng&t=21s
Sounds from: Zapsplat.com

#ShankaranPillai 
This channel is an attempt to bring forth the insightful teachings of ""Sadhguru"" in an entertaining way. We are going to introduce Shankaran Pillai for the first time onscreen. Shankaran Pillai is an imaginary character who Sadhguru often cracks jokes on to communicate deep insights inducing humor. 

#InnerEngineering 
Inner Engineering is an intensive program for personal growth, to engineer one's self through the ancient science of yoga. Designed by yogi and mystic, Sadhguru, the program offers keys for meaningful and fulfilling relationships at work, home, community, and most importantly, within one's self. Program components include guided meditations and transmission of the sacred Shambhavi Mahamudra kriya. When practiced on a regular basis, these tools have the potential to enhance one's experience of life on many levels. 

#InnerEngineeringOnline 
Experience Inner Engineering with Sadhguru in your own space, at your own pace. Inner Engineering Online is comprised of seven 90-minute sessions that impart powerful tools from the ancient science of Yoga, with the potential of transforming the very way you live, conduct and experience your life.

#Sadhguru 
Yogi, mystic and visionary, Sadhguru is a spiritual master with a difference. An arresting blend of profundity and pragmatism, his life and work serve as a reminder that yoga is a contemporary science, vitally relevant to our times.
Please like, share and subscribe for more such videos.",2021-01-31T06:41:50Z,427,33,,10,Lifestyle_(sociology),sadhguru;shankaran pillai;shankaran pillai jokes;inner engineering;inner engineering online;sadhguru latest;shankaran pillai sadhguru;shankaran pillai isha;comedy;funny;entertainment
